{
  "id": "",
  "name": "",
  "font_family": "iconfont",
  "css_prefix_text": "icon-",
  "description": "",
  "glyphs": [
    {
      "icon_id": "714440",
      "name": "点赞",
      "font_class": "dianzan",
      "unicode": "e615",
      "unicode_decimal": 58901
    },
    {
      "icon_id": "1013076",
      "name": "人",
      "font_class": "wo",
      "unicode": "e663",
      "unicode_decimal": 58979
    },
    {
      "icon_id": "1413431",
      "name": "人数",
      "font_class": "renshu",
      "unicode": "e699",
      "unicode_decimal": 59033
    },
    {
      "icon_id": "5064097",
      "name": "小车",
      "font_class": "xiaoche",
      "unicode": "e647",
      "unicode_decimal": 58951
    },
    {
      "icon_id": "6299255",
      "name": "信息",
      "font_class": "icon-",
      "unicode": "e66f",
      "unicode_decimal": 58991
    },
    {
      "icon_id": "12660046",
      "name": "放大镜",
      "font_class": "fangdajing",
      "unicode": "e662",
      "unicode_decimal": 58978
    }
  ]
}
